timestamp,totalNumberOfJobs,memCapacity0,numberOfJobs0,setOfJobs0,expectedLoad0,IsRunning0,cpuUsage0,memCapacity1,numberOfJobs1,setOfJobs1,expectedLoad1,IsRunning1,cpuUsage1,memCapacity2,numberOfJobs2,setOfJobs2,expectedLoad2,IsRunning2,cpuUsage2,memCapacity3,numberOfJobs3,setOfJobs3,expectedLoad3,IsRunning3,cpuUsage3
1498,20,100,0,[],0,false,100,100,0,[],0,false,100,100,0,[],0,false,100,100,0,[],0,false,100
2498,30,100,0,[],0,false,100,100,0,[],0,false,100,100,0,[],0,false,100,100,0,[],0,false,100
3501,40,100,0,[],0,false,100,100,0,[],0,false,100,100,0,[],0,false,100,100,0,[],0,false,100
4501,49,100,0,[],0,false,100,100,0,[],0,false,100,100,0,[],0,false,100,100,0,[],0,false,100
5501,59,100,0,[],0,false,100,100,0,[],0,false,100,100,0,[],0,false,100,100,0,[],0,false,100
6501,69,100,0,[],0,false,100,100,0,[],0,false,100,100,0,[],0,false,100,100,0,[],0,false,100
7502,79,100,0,[],0,false,100,100,0,[],0,false,100,100,0,[],0,false,100,100,0,[],0,false,100
8503,89,100,0,[],0,false,100,100,0,[],0,false,100,100,0,[],0,false,100,100,0,[],0,false,100
9503,99,100,0,[],0,false,100,100,0,[],0,false,100,100,0,[],0,false,100,100,0,[],0,false,100
10503,109,100,0,[],0,false,100,100,0,[],0,false,100,100,0,[],0,false,100,100,0,[],0,false,100
11504,119,100,0,[],0,false,100,100,0,[],0,false,100,100,0,[],0,false,100,100,0,[],0,false,100
12504,129,100,0,[],0,false,100,100,0,[],0,false,100,100,0,[],0,false,100,100,0,[],0,false,100
13505,139,100,0,[],0,false,100,100,0,[],0,false,100,100,0,[],0,false,100,100,0,[],0,false,100
14505,149,100,0,[],0,false,100,100,0,[],0,false,100,100,0,[],0,false,100,100,0,[],0,false,100
15506,159,100,0,[],0,false,100,100,0,[],0,false,100,100,0,[],0,false,100,100,0,[],0,false,100
16506,169,100,0,[],0,false,100,100,0,[],0,false,100,100,0,[],0,false,100,100,0,[],0,false,100
17506,179,100,0,[],0,false,100,100,0,[],0,false,100,100,0,[],0,false,100,100,0,[],0,false,100
18508,189,100,0,[],0,false,100,100,0,[],0,false,100,100,0,[],0,false,100,100,0,[],0,false,100
19508,199,100,0,[],0,false,100,100,0,[],0,false,100,100,0,[],0,false,100,100,0,[],0,false,100
20508,200,100,0,[],0,false,100,100,0,[],0,false,100,100,0,[],0,false,100,100,0,[],0,false,100
21509,200,100,0,[],0,false,100,100,0,[],0,false,100,100,0,[],0,false,100,100,0,[],0,false,100
22509,200,100,0,[],0,false,100,100,0,[],0,false,100,100,0,[],0,false,100,100,0,[],0,false,100
23510,200,100,0,[],0,false,100,100,0,[],0,false,100,100,0,[],0,false,100,100,0,[],0,false,100
24510,200,100,0,[],0,false,100,100,0,[],0,false,100,100,0,[],0,false,100,100,0,[],0,false,100
25510,200,100,0,[],0,false,100,100,0,[],0,false,100,100,0,[],0,false,100,100,0,[],0,false,100
26511,200,100,0,[],0,false,100,100,0,[],0,false,100,100,0,[],0,false,100,100,0,[],0,false,100
27511,200,100,0,[],0,false,100,100,0,[],0,false,100,100,0,[],0,false,100,100,0,[],0,false,100
28512,200,100,0,[],0,false,100,100,0,[],0,false,100,100,0,[],0,false,100,100,0,[],0,false,100
29512,200,100,0,[],0,false,100,100,0,[],0,false,100,100,0,[],0,false,100,100,0,[],0,false,100
30513,200,100,0,[],0,false,100,100,0,[],0,false,100,100,0,[],0,false,100,100,0,[],0,false,100
31513,200,100,0,[],0,false,100,100,0,[],0,false,100,100,0,[],0,false,100,100,0,[],0,false,100
32513,200,100,0,[],0,false,100,100,0,[],0,false,100,100,0,[],0,false,100,100,0,[],0,false,100
33515,200,100,0,[],0,false,100,100,0,[],0,false,100,100,0,[],0,false,100,100,0,[],0,false,100
34515,200,100,0,[],0,false,100,100,0,[],0,false,100,100,0,[],0,false,100,100,0,[],0,false,100
35515,200,100,0,[],0,false,100,100,0,[],0,false,100,100,0,[],0,false,100,100,0,[],0,false,100
36515,200,100,0,[],0,false,100,100,0,[],0,false,100,100,0,[],0,false,100,100,0,[],0,false,100
37516,200,100,0,[],0,false,100,100,0,[],0,false,100,100,0,[],0,false,100,100,0,[],0,false,100
38517,200,100,0,[],0,false,100,100,0,[],0,false,100,100,0,[],0,false,100,100,0,[],0,false,100
39517,200,100,0,[],0,false,100,100,0,[],0,false,100,100,0,[],0,false,100,100,0,[],0,false,100
40518,200,100,0,[],0,false,100,100,0,[],0,false,100,100,0,[],0,false,100,100,0,[],0,false,100
41518,200,100,0,[],0,false,100,100,0,[],0,false,100,100,0,[],0,false,100,100,0,[],0,false,100
42518,200,100,0,[],0,false,100,100,0,[],0,false,100,100,0,[],0,false,100,100,0,[],0,false,100
43519,200,100,0,[],0,false,100,100,0,[],0,false,100,100,0,[],0,false,100,100,0,[],0,false,100
44520,200,100,0,[],0,false,100,100,0,[],0,false,100,100,0,[],0,false,100,100,0,[],0,false,100
45520,200,100,0,[],0,false,100,100,0,[],0,false,100,100,0,[],0,false,100,100,0,[],0,false,100
46520,200,100,0,[],0,false,100,100,0,[],0,false,100,100,0,[],0,false,100,100,0,[],0,false,100
47520,200,100,0,[],0,false,100,100,0,[],0,false,100,100,0,[],0,false,100,100,0,[],0,false,100
48521,200,100,0,[],0,false,100,100,0,[],0,false,100,100,0,[],0,false,100,100,0,[],0,false,100
49522,200,100,0,[],0,false,100,100,0,[],0,false,100,100,0,[],0,false,100,100,0,[],0,false,100
50522,200,100,0,[],0,false,100,100,0,[],0,false,100,100,0,[],0,false,100,100,0,[],0,false,100
51522,200,100,0,[],0,false,100,100,0,[],0,false,100,100,0,[],0,false,100,100,0,[],0,false,100
52522,200,100,0,[],0,false,100,100,0,[],0,false,100,100,0,[],0,false,100,100,0,[],0,false,100
53524,200,100,0,[],0,false,100,100,0,[],0,false,100,100,0,[],0,false,100,100,0,[],0,false,100
54524,200,100,0,[],0,false,100,100,0,[],0,false,100,100,0,[],0,false,100,100,0,[],0,false,100
55524,200,100,0,[],0,false,100,100,0,[],0,false,100,100,0,[],0,false,100,100,0,[],0,false,100
56524,200,100,0,[],0,false,100,100,0,[],0,false,100,100,0,[],0,false,100,100,0,[],0,false,100
57525,200,100,0,[],0,false,100,100,0,[],0,false,100,100,0,[],0,false,100,100,0,[],0,false,100
58526,200,100,0,[],0,false,100,100,0,[],0,false,100,100,0,[],0,false,100,100,0,[],0,false,100
59526,200,100,0,[],0,false,100,100,0,[],0,false,100,100,0,[],0,false,100,100,0,[],0,false,100
60527,200,100,0,[],0,false,100,100,0,[],0,false,100,100,0,[],0,false,100,100,0,[],0,false,100
61527,200,100,0,[],0,false,100,100,0,[],0,false,100,100,0,[],0,false,100,100,0,[],0,false,100
62527,200,100,0,[],0,false,100,100,0,[],0,false,100,100,0,[],0,false,100,100,0,[],0,false,100
63528,200,100,0,[],0,false,100,100,0,[],0,false,100,100,0,[],0,false,100,100,0,[],0,false,100
64529,200,100,0,[],0,false,100,100,0,[],0,false,100,100,0,[],0,false,100,100,0,[],0,false,100
65529,200,100,0,[],0,false,100,100,0,[],0,false,100,100,0,[],0,false,100,100,0,[],0,false,100
66529,200,100,0,[],0,false,100,100,0,[],0,false,100,100,0,[],0,false,100,100,0,[],0,false,100
67529,200,100,0,[],0,false,100,100,0,[],0,false,100,100,0,[],0,false,100,100,0,[],0,false,100
68531,200,100,0,[],0,false,100,100,0,[],0,false,100,100,0,[],0,false,100,100,0,[],0,false,100
69531,200,100,0,[],0,false,100,100,0,[],0,false,100,100,0,[],0,false,100,100,0,[],0,false,100
70531,200,100,0,[],0,false,100,100,0,[],0,false,100,100,0,[],0,false,100,100,0,[],0,false,100
71531,200,100,0,[],0,false,100,100,0,[],0,false,100,100,0,[],0,false,100,100,0,[],0,false,100
72532,200,100,0,[],0,false,100,100,0,[],0,false,100,100,0,[],0,false,100,100,0,[],0,false,100
73533,200,100,0,[],0,false,100,100,0,[],0,false,100,100,0,[],0,false,100,100,0,[],0,false,100
74533,200,100,0,[],0,false,100,100,0,[],0,false,100,100,0,[],0,false,100,100,0,[],0,false,100
75534,200,100,0,[],0,false,100,100,0,[],0,false,100,100,0,[],0,false,100,100,0,[],0,false,100
76534,200,100,0,[],0,false,100,100,0,[],0,false,100,100,0,[],0,false,100,100,0,[],0,false,100
77534,200,100,0,[],0,false,100,100,0,[],0,false,100,100,0,[],0,false,100,100,0,[],0,false,100
78536,200,100,0,[],0,false,100,100,0,[],0,false,100,100,0,[],0,false,100,100,0,[],0,false,100
79536,200,100,0,[],0,false,100,100,0,[],0,false,100,100,0,[],0,false,100,100,0,[],0,false,100
80537,200,100,0,[],0,false,100,100,0,[],0,false,100,100,0,[],0,false,100,100,0,[],0,false,100
81537,200,100,0,[],0,false,100,100,0,[],0,false,100,100,0,[],0,false,100,100,0,[],0,false,100
82537,200,100,0,[],0,false,100,100,0,[],0,false,100,100,0,[],0,false,100,100,0,[],0,false,100
83538,200,100,0,[],0,false,100,100,0,[],0,false,100,100,0,[],0,false,100,100,0,[],0,false,100
84538,200,100,0,[],0,false,100,100,0,[],0,false,100,100,0,[],0,false,100,100,0,[],0,false,100
85539,200,100,0,[],0,false,100,100,0,[],0,false,100,100,0,[],0,false,100,100,0,[],0,false,100
86539,200,100,0,[],0,false,100,100,0,[],0,false,100,100,0,[],0,false,100,100,0,[],0,false,100
87539,200,100,0,[],0,false,100,100,0,[],0,false,100,100,0,[],0,false,100,100,0,[],0,false,100
88540,200,100,0,[],0,false,100,100,0,[],0,false,100,100,0,[],0,false,100,100,0,[],0,false,100
89541,200,100,0,[],0,false,100,100,0,[],0,false,100,100,0,[],0,false,100,100,0,[],0,false,100
90541,200,100,0,[],0,false,100,100,0,[],0,false,100,100,0,[],0,false,100,100,0,[],0,false,100
91541,200,100,0,[],0,false,100,100,0,[],0,false,100,100,0,[],0,false,100,100,0,[],0,false,100
92542,200,100,0,[],0,false,100,100,0,[],0,false,100,100,0,[],0,false,100,100,0,[],0,false,100
93543,200,100,0,[],0,false,100,100,0,[],0,false,100,100,0,[],0,false,100,100,0,[],0,false,100
94544,200,100,0,[],0,true,100,100,0,[],0,false,100,100,0,[],0,false,100,100,0,[],0,false,100
95544,199,100,1,[InputImage/121651_eye (100th copy).jp],3750,true,100,100,0,[],0,false,100,100,0,[],0,false,100,100,0,[],0,false,100
96544,199,25,1,[InputImage/121651_eye (100th copy).jp],3750,true,16,100,0,[],0,false,100,100,0,[],0,false,100,100,0,[],0,false,100
97545,199,25,1,[InputImage/121651_eye (100th copy).jp],3750,true,16,100,0,[],0,false,100,100,0,[],0,false,100,100,0,[],0,false,100
98546,199,25,1,[InputImage/121651_eye (100th copy).jp],3750,true,16,100,0,[],0,false,100,100,0,[],0,false,100,100,0,[],0,false,100
99546,199,26,0,[],0,true,50,100,0,[],0,false,100,100,0,[],0,false,100,100,0,[],0,false,100
100547,199,26,0,[],0,true,50,100,0,[],0,false,100,100,0,[],0,false,100,100,0,[],0,false,100
101547,199,27,0,[],0,true,50,100,0,[],0,false,100,100,0,[],0,false,100,100,0,[],0,false,100
102547,199,27,0,[],0,true,50,100,0,[],0,false,100,100,0,[],0,false,100,100,0,[],0,false,100
103549,199,27,0,[],0,true,0,100,0,[],0,false,100,100,0,[],0,false,100,100,0,[],0,false,100
104549,199,27,0,[],0,true,0,100,0,[],0,false,100,100,0,[],0,false,100,100,0,[],0,false,100
105549,199,27,0,[],0,true,0,100,0,[],0,false,100,100,0,[],0,false,100,100,0,[],0,false,100
106549,199,27,0,[],0,true,0,100,0,[],0,false,100,100,0,[],0,false,100,100,0,[],0,false,100
107550,199,27,0,[],0,true,0,100,0,[],0,false,100,100,0,[],0,false,100,100,0,[],0,false,100
108551,199,27,0,[],0,true,0,100,0,[],0,false,100,100,0,[],0,false,100,100,0,[],0,false,100
109551,199,27,0,[],0,true,0,100,0,[],0,false,100,100,0,[],0,false,100,100,0,[],0,false,100
110552,199,27,0,[],0,true,0,100,0,[],0,false,100,100,0,[],0,false,100,100,0,[],0,false,100
111552,199,27,0,[],0,true,25,100,0,[],0,false,100,100,0,[],0,false,100,100,0,[],0,false,100
112552,199,27,0,[],0,true,25,100,0,[],0,false,100,100,0,[],0,false,100,100,0,[],0,false,100
113553,199,27,0,[],0,true,0,100,0,[],0,false,100,100,0,[],0,false,100,100,0,[],0,false,100
114554,199,27,0,[],0,true,0,100,0,[],0,false,100,100,0,[],0,false,100,100,0,[],0,false,100
115554,199,27,0,[],0,true,0,100,0,[],0,false,100,100,0,[],0,false,100,100,0,[],0,false,100
116554,199,27,0,[],0,true,0,100,0,[],0,false,100,100,0,[],0,false,100,100,0,[],0,false,100
117554,199,27,0,[],0,true,0,100,0,[],0,false,100,100,0,[],0,false,100,100,0,[],0,false,100
118556,199,27,0,[],0,true,25,100,0,[],0,false,100,100,0,[],0,false,100,100,0,[],0,false,100
119556,199,27,0,[],0,true,25,100,0,[],0,false,100,100,0,[],0,false,100,100,0,[],0,false,100
120556,199,27,0,[],0,true,0,100,0,[],0,false,100,100,0,[],0,false,100,100,0,[],0,false,100
121556,199,27,0,[],0,true,0,100,0,[],0,false,100,100,0,[],0,false,100,100,0,[],0,false,100
122557,199,27,0,[],0,true,0,100,0,[],0,false,100,100,0,[],0,false,100,100,0,[],0,false,100
123558,199,27,0,[],0,true,0,100,0,[],0,false,100,100,0,[],0,false,100,100,0,[],0,false,100
124559,199,27,0,[],0,true,0,100,0,[],0,false,100,100,0,[],0,false,100,100,0,[],0,false,100
125559,199,27,0,[],0,true,25,100,0,[],0,false,100,100,0,[],0,false,100,100,0,[],0,false,100
126559,199,27,0,[],0,true,25,100,0,[],0,false,100,100,0,[],0,false,100,100,0,[],0,false,100
127561,199,27,0,[],0,true,25,100,0,[],0,false,100,100,0,[],0,false,100,100,0,[],0,false,100
128563,198,27,1,[InputImage/121651_eye (10th copy).jp],3750,true,25,100,0,[],0,false,100,100,0,[],0,false,100,100,0,[],0,false,100
129563,198,27,0,[],0,true,0,100,0,[],0,false,100,100,0,[],0,false,100,100,0,[],0,false,100
130563,197,27,1,[InputImage/121651_eye (68th copy).jp],3750,true,0,100,0,[],0,false,100,100,0,[],0,false,100,100,0,[],0,false,100
131564,197,27,1,[InputImage/121651_eye (68th copy).jp],3750,true,0,100,0,[],0,false,100,100,0,[],0,false,100,100,0,[],0,false,100
132565,197,27,0,[],0,true,25,100,0,[],0,false,100,100,0,[],0,false,100,100,0,[],0,false,100
133565,196,27,1,[InputImage/121651_eye (113th copy).jp],3750,true,25,100,0,[],0,false,100,100,0,[],0,false,100,100,0,[],0,false,100
134566,196,28,0,[],0,true,0,100,0,[],0,false,100,100,0,[],0,false,100,100,0,[],0,false,100
135566,195,28,1,[InputImage/121651_eye (121st copy).jp],3750,true,0,100,0,[],0,false,100,100,0,[],0,false,100,100,0,[],0,false,100
136567,195,28,0,[],0,true,0,100,0,[],0,false,100,100,0,[],0,false,100,100,0,[],0,false,100
137567,194,28,1,[InputImage/121651_eye (77th copy).jp],3750,true,0,100,0,[],0,false,100,100,0,[],0,false,100,100,0,[],0,false,100
138568,194,28,1,[InputImage/121651_eye (77th copy).jp],3750,true,0,100,0,[],0,false,100,100,0,[],0,false,100,100,0,[],0,false,100
139568,194,28,0,[],0,true,0,100,0,[],0,false,100,100,0,[],0,false,100,100,0,[],0,false,100
140569,193,28,1,[InputImage/121651_eye (89th copy).jp],3750,true,0,100,0,[],0,false,100,100,0,[],0,false,100,100,0,[],0,false,100
141569,193,28,0,[],0,true,25,100,0,[],0,false,100,100,0,[],0,false,100,100,0,[],0,false,100
142569,192,28,1,[InputImage/121651_eye (8th copy).jp],3750,true,25,100,0,[],0,false,100,100,0,[],0,false,100,100,0,[],0,false,100
143571,192,28,1,[InputImage/121651_eye (8th copy).jp],3750,true,0,100,0,[],0,false,100,100,0,[],0,false,100,100,0,[],0,false,100
144571,192,28,0,[],0,true,0,100,0,[],0,false,100,100,0,[],0,false,100,100,0,[],0,false,100
145572,191,28,1,[InputImage/121651_eye(copy) (39th copy).jp],3750,true,0,100,0,[],0,false,100,100,0,[],0,false,100,100,0,[],0,false,100
146572,191,28,0,[],0,true,0,100,0,[],0,false,100,100,0,[],0,false,100,100,0,[],0,false,100
147572,190,28,1,[InputImage/121651_eye(copy) (7th copy).jp],3750,true,0,100,0,[],0,false,100,100,0,[],0,false,100,100,0,[],0,false,100
148574,190,28,1,[InputImage/121651_eye(copy) (7th copy).jp],3750,true,0,100,0,[],0,false,100,100,0,[],0,false,100,100,0,[],0,false,100
149574,190,28,0,[],0,true,0,100,0,[],0,false,100,100,0,[],0,false,100,100,0,[],0,false,100
150574,189,28,1,[InputImage/121651_eye (125th copy).jp],3750,true,0,100,0,[],0,false,100,100,0,[],0,false,100,100,0,[],0,false,100
151575,189,28,0,[],0,true,0,100,0,[],0,false,100,100,0,[],0,false,100,100,0,[],0,false,100
152575,188,28,1,[InputImage/121651_eye (62nd copy).jp],3750,true,0,100,0,[],0,false,100,100,0,[],0,false,100,100,0,[],0,false,100
153577,188,28,0,[],0,true,25,100,0,[],0,false,100,100,0,[],0,false,100,100,0,[],0,false,100
154577,187,28,1,[InputImage/121651_eye (78th copy).jp],3750,true,25,100,0,[],0,false,100,100,0,[],0,false,100,100,0,[],0,false,100
155577,187,28,1,[InputImage/121651_eye (78th copy).jp],3750,true,25,100,0,[],0,false,100,100,0,[],0,false,100,100,0,[],0,false,100
156578,187,28,0,[],0,true,25,100,0,[],0,false,100,100,0,[],0,false,100,100,0,[],0,false,100
157578,186,28,1,[InputImage/121651_eye(copy) (63rd copy).jp],3750,true,25,100,0,[],0,false,100,100,0,[],0,false,100,100,0,[],0,false,100
158579,186,28,0,[],0,true,0,100,0,[],0,false,100,100,0,[],0,false,100,100,0,[],0,false,100
159579,185,28,1,[InputImage/121651_eye (83rd copy).jp],3750,true,0,100,0,[],0,false,100,100,0,[],0,false,100,100,0,[],0,false,100
160580,185,28,1,[InputImage/121651_eye (83rd copy).jp],3750,true,25,100,0,[],0,false,100,100,0,[],0,false,100,100,0,[],0,false,100
161580,185,28,0,[],0,true,25,100,0,[],0,false,100,100,0,[],0,false,100,100,0,[],0,false,100
162581,184,28,1,[InputImage/121651_eye (67th copy).jp],3750,true,0,100,0,[],0,false,100,100,0,[],0,false,100,100,0,[],0,false,100
163582,184,28,0,[],0,true,0,100,0,[],0,false,100,100,0,[],0,false,100,100,0,[],0,false,100
164582,183,28,1,[InputImage/121651_eye (21st copy).jp],3750,true,0,100,0,[],0,false,100,100,0,[],0,false,100,100,0,[],0,false,100
165583,183,28,1,[InputImage/121651_eye (21st copy).jp],3750,true,25,100,0,[],0,false,100,100,0,[],0,false,100,100,0,[],0,false,100
166583,183,28,0,[],0,true,25,100,0,[],0,false,100,100,0,[],0,false,100,100,0,[],0,false,100
167583,182,28,1,[InputImage/121651_eye (96th copy).jp],3750,true,0,100,0,[],0,false,100,100,0,[],0,false,100,100,0,[],0,false,100
168585,182,28,0,[],0,true,0,100,0,[],0,false,100,100,0,[],0,false,100,100,0,[],0,false,100
169585,181,28,1,[InputImage/121651_eye (24th copy).jp],3750,true,25,100,0,[],0,false,100,100,0,[],0,false,100,100,0,[],0,false,100
170585,181,28,0,[],0,true,25,100,0,[],0,false,100,100,0,[],0,false,100,100,0,[],0,false,100
171586,180,28,1,[InputImage/121651_eye (55th copy).jp],3750,true,25,100,0,[],0,false,100,100,0,[],0,false,100,100,0,[],0,false,100
172586,180,28,1,[InputImage/121651_eye (55th copy).jp],3750,true,0,100,0,[],0,false,100,100,0,[],0,false,100,100,0,[],0,false,100
173587,180,28,0,[],0,true,0,100,0,[],0,false,100,100,0,[],0,false,100,100,0,[],0,false,100
174588,179,28,1,[InputImage/121651_eye (22nd copy).jp],3750,true,0,100,0,[],0,false,100,100,0,[],0,false,100,100,0,[],0,false,100
175588,179,28,0,[],0,true,0,100,0,[],0,false,100,100,0,[],0,false,100,100,0,[],0,false,100
176589,178,28,1,[InputImage/121651_eye (98th copy).jp],3750,true,0,100,0,[],0,false,100,100,0,[],0,false,100,100,0,[],0,false,100
177589,178,28,1,[InputImage/121651_eye (98th copy).jp],3750,true,0,100,0,[],0,false,100,100,0,[],0,false,100,100,0,[],0,false,100
178590,178,28,0,[],0,true,0,100,0,[],0,false,100,100,0,[],0,false,100,100,0,[],0,false,100
179591,177,28,1,[InputImage/121651_eye (118th copy).jp],3750,true,0,100,0,[],0,false,100,100,0,[],0,false,100,100,0,[],0,false,100
180591,177,28,0,[],0,true,0,100,0,[],0,false,100,100,0,[],0,false,100,100,0,[],0,false,100
181592,176,28,1,[InputImage/121651_eye (93rd copy).jp],3750,true,25,100,0,[],0,false,100,100,0,[],0,false,100,100,0,[],0,false,100
182594,176,28,0,[],0,true,25,100,0,[],0,true,100,100,0,[],0,false,100,100,0,[],0,false,100
183594,175,28,0,[],0,true,0,100,1,[InputImage/121651_eye(copy) (27th copy).jp],3750,true,100,100,0,[],0,false,100,100,0,[],0,false,100
184594,174,28,1,[InputImage/121651_eye (58th copy).jp],3750,true,0,100,1,[InputImage/121651_eye(copy) (27th copy).jp],3750,true,100,100,0,[],0,false,100,100,0,[],0,false,100
185595,174,28,0,[],0,true,0,25,1,[InputImage/121651_eye(copy) (27th copy).jp],3750,true,0,100,0,[],0,false,100,100,0,[],0,false,100
186595,174,30,0,[],0,true,25,25,1,[InputImage/121651_eye(copy) (27th copy).jp],3750,true,0,100,0,[],0,false,100,100,0,[],0,false,100
187597,174,30,0,[],0,true,25,26,0,[],0,true,0,100,0,[],0,false,100,100,0,[],0,false,100
188597,174,30,0,[],0,true,0,26,0,[],0,true,0,100,0,[],0,false,100,100,0,[],0,false,100
189597,174,30,0,[],0,true,0,27,0,[],0,true,0,100,0,[],0,false,100,100,0,[],0,false,100
190598,174,30,0,[],0,true,25,27,0,[],0,true,0,100,0,[],0,false,100,100,0,[],0,false,100
191598,174,30,0,[],0,true,25,27,0,[],0,true,0,100,0,[],0,false,100,100,0,[],0,false,100
192598,174,30,0,[],0,true,25,27,0,[],0,true,0,100,0,[],0,false,100,100,0,[],0,false,100
193599,174,30,0,[],0,true,0,27,0,[],0,true,0,100,0,[],0,false,100,100,0,[],0,false,100
194600,174,30,0,[],0,true,0,27,0,[],0,true,0,100,0,[],0,false,100,100,0,[],0,false,100
195600,174,30,0,[],0,true,0,27,0,[],0,true,0,100,0,[],0,false,100,100,0,[],0,false,100
196600,174,30,0,[],0,true,0,27,0,[],0,true,0,100,0,[],0,false,100,100,0,[],0,false,100
197601,174,30,0,[],0,true,0,27,0,[],0,true,0,100,0,[],0,false,100,100,0,[],0,false,100
198602,174,30,0,[],0,true,25,27,0,[],0,true,0,100,0,[],0,false,100,100,0,[],0,false,100
199602,174,30,0,[],0,true,25,27,0,[],0,true,0,100,0,[],0,false,100,100,0,[],0,false,100
200603,174,30,0,[],0,true,0,27,0,[],0,true,0,100,0,[],0,false,100,100,0,[],0,false,100
201603,174,30,0,[],0,true,0,27,0,[],0,true,0,100,0,[],0,false,100,100,0,[],0,false,100
202603,174,30,0,[],0,true,0,27,0,[],0,true,0,100,0,[],0,false,100,100,0,[],0,false,100
203604,174,30,0,[],0,true,0,27,0,[],0,true,0,100,0,[],0,false,100,100,0,[],0,false,100
204605,174,30,0,[],0,true,0,27,0,[],0,true,0,100,0,[],0,false,100,100,0,[],0,false,100
205605,174,30,0,[],0,true,0,27,0,[],0,true,0,100,0,[],0,false,100,100,0,[],0,false,100
206605,174,30,0,[],0,true,0,27,0,[],0,true,25,100,0,[],0,false,100,100,0,[],0,false,100
207605,174,30,0,[],0,true,25,27,0,[],0,true,25,100,0,[],0,false,100,100,0,[],0,false,100
208607,174,30,0,[],0,true,25,27,0,[],0,true,0,100,0,[],0,false,100,100,0,[],0,false,100
209607,174,30,0,[],0,true,0,27,0,[],0,true,0,100,0,[],0,false,100,100,0,[],0,false,100
210607,174,30,0,[],0,true,0,27,0,[],0,true,25,100,0,[],0,false,100,100,0,[],0,false,100
211607,174,30,0,[],0,true,0,27,0,[],0,true,25,100,0,[],0,false,100,100,0,[],0,false,100
212608,174,30,0,[],0,true,0,27,0,[],0,true,25,100,0,[],0,false,100,100,0,[],0,false,100
213609,174,30,0,[],0,true,0,27,0,[],0,true,0,100,0,[],0,false,100,100,0,[],0,false,100
214610,174,30,0,[],0,true,0,27,0,[],0,true,0,100,0,[],0,false,100,100,0,[],0,false,100
215610,174,30,0,[],0,true,0,27,0,[],0,true,25,100,0,[],0,false,100,100,0,[],0,false,100
216610,174,30,0,[],0,true,0,27,0,[],0,true,25,100,0,[],0,false,100,100,0,[],0,false,100
217610,174,30,0,[],0,true,0,27,0,[],0,true,0,100,0,[],0,false,100,100,0,[],0,false,100
218612,174,30,0,[],0,true,0,27,0,[],0,true,0,100,0,[],0,false,100,100,0,[],0,false,100
219612,174,30,0,[],0,true,0,27,0,[],0,true,0,100,0,[],0,false,100,100,0,[],0,false,100
220612,174,30,0,[],0,true,0,27,0,[],0,true,25,100,0,[],0,false,100,100,0,[],0,false,100
221613,174,30,0,[],0,true,0,27,0,[],0,true,25,100,0,[],0,false,100,100,0,[],0,false,100
222613,174,30,0,[],0,true,0,27,0,[],0,true,0,100,0,[],0,false,100,100,0,[],0,false,100
223614,174,30,0,[],0,true,0,27,0,[],0,true,0,100,0,[],0,false,100,100,0,[],0,false,100
224614,174,30,0,[],0,true,0,27,0,[],0,true,0,100,0,[],0,false,100,100,0,[],0,false,100
225615,174,30,0,[],0,true,0,27,0,[],0,true,0,100,0,[],0,false,100,100,0,[],0,false,100
226615,174,30,0,[],0,true,25,27,0,[],0,true,0,100,0,[],0,false,100,100,0,[],0,false,100
227615,173,30,0,[],0,true,25,27,1,[InputImage/121651_eye(copy) (26th copy).jp],3750,true,0,100,0,[],0,false,100,100,0,[],0,false,100
228617,172,30,1,[InputImage/121651_eye (63rd copy).jp],3750,true,0,27,0,[],0,true,0,100,0,[],0,false,100,100,0,[],0,false,100
229617,171,30,0,[],0,true,0,27,1,[InputImage/121651_eye (44th copy).jp],3750,true,0,100,0,[],0,false,100,100,0,[],0,false,100
230618,170,30,1,[InputImage/121651_eye (74th copy).jp],3750,true,0,27,0,[],0,true,0,100,0,[],0,false,100,100,0,[],0,false,100
231618,169,30,1,[InputImage/121651_eye (74th copy).jp],3750,true,0,28,1,[InputImage/121651_eye (51st copy).jp],3750,true,0,100,0,[],0,false,100,100,0,[],0,false,100
232619,169,30,0,[],0,true,0,28,1,[InputImage/121651_eye (51st copy).jp],3750,true,0,100,0,[],0,false,100,100,0,[],0,false,100
233620,168,30,1,[InputImage/121651_eye (3rd copy).jp],3750,true,25,28,0,[],0,true,0,100,0,[],0,false,100,100,0,[],0,false,100
234620,167,30,0,[],0,true,25,28,1,[InputImage/121651_eye.jp],3750,true,0,100,0,[],0,false,100,100,0,[],0,false,100
235621,166,30,1,[InputImage/121651_eye (85th copy).jp],3750,true,25,28,0,[],0,true,0,100,0,[],0,false,100,100,0,[],0,false,100
236622,165,30,0,[],0,true,25,28,1,[InputImage/121651_eye (107th copy).jp],3750,true,25,100,0,[],0,false,100,100,0,[],0,false,100
237623,164,30,1,[InputImage/121651_eye(copy) (62nd copy).jp],3750,true,25,28,0,[],0,true,25,100,0,[],0,false,100,100,0,[],0,false,100
238623,163,30,1,[InputImage/121651_eye(copy) (62nd copy).jp],3750,true,25,28,1,[InputImage/121651_eye(copy) (17th copy).jp],3750,true,25,100,0,[],0,false,100,100,0,[],0,false,100
239624,163,30,0,[],0,true,25,28,1,[InputImage/121651_eye(copy) (17th copy).jp],3750,true,0,100,0,[],0,false,100,100,0,[],0,false,100
240624,162,30,1,[InputImage/121651_eye(copy) (58th copy).jp],3750,true,25,28,0,[],0,true,0,100,0,[],0,false,100,100,0,[],0,false,100
241625,161,30,0,[],0,true,25,28,1,[InputImage/121651_eye(copy) (29th copy).jp],3750,true,25,100,0,[],0,false,100,100,0,[],0,false,100
242626,160,30,1,[InputImage/121651_eye (117th copy).jp],3750,true,0,28,0,[],0,true,25,100,0,[],0,false,100,100,0,[],0,false,100
243627,159,30,0,[],0,true,0,28,1,[InputImage/121651_eye(copy) (4th copy).jp],3750,true,0,100,0,[],0,false,100,100,0,[],0,false,100
244627,158,30,1,[InputImage/121651_eye(copy) (9th copy).jp],3750,true,0,28,1,[InputImage/121651_eye(copy) (4th copy).jp],3750,true,0,100,0,[],0,false,100,100,0,[],0,false,100
245627,158,30,1,[InputImage/121651_eye(copy) (9th copy).jp],3750,true,0,28,0,[],0,true,0,100,0,[],0,false,100,100,0,[],0,false,100
246628,157,30,0,[],0,true,0,28,1,[InputImage/121651_eye (65th copy).jp],3750,true,25,100,0,[],0,false,100,100,0,[],0,false,100
247629,156,30,1,[InputImage/121651_eye(copy) (70th copy).jp],3750,true,25,28,0,[],0,true,25,100,0,[],0,false,100,100,0,[],0,false,100
248630,155,30,0,[],0,true,25,28,1,[InputImage/121651_eye (34th copy).jp],3750,true,0,100,0,[],0,false,100,100,0,[],0,false,100
249630,154,30,1,[InputImage/121651_eye (52nd copy).jp],3750,true,0,28,0,[],0,true,0,100,0,[],0,false,100,100,0,[],0,false,100
250631,153,30,1,[InputImage/121651_eye (52nd copy).jp],3750,true,0,28,1,[InputImage/121651_eye (119th copy).jp],3750,true,25,100,0,[],0,false,100,100,0,[],0,false,100
251631,153,30,0,[],0,true,0,28,1,[InputImage/121651_eye (119th copy).jp],3750,true,25,100,0,[],0,false,100,100,0,[],0,false,100
252633,152,30,1,[InputImage/121651_eye (25th copy).jp],3750,true,25,28,0,[],0,true,25,100,0,[],0,false,100,100,0,[],0,false,100
253633,151,30,0,[],0,true,25,28,1,[InputImage/121651_eye(copy) (8th copy).jp],3750,true,0,100,0,[],0,false,100,100,0,[],0,false,100
254634,150,30,1,[InputImage/121651_eye (48th copy).jp],3750,true,0,28,0,[],0,true,0,100,0,[],0,false,100,100,0,[],0,false,100
255634,149,30,1,[InputImage/121651_eye (48th copy).jp],3750,true,0,28,1,[InputImage/121651_eye (46th copy).jp],3750,true,0,100,0,[],0,false,100,100,0,[],0,false,100
256634,149,30,0,[],0,true,25,28,0,[],0,true,0,100,0,[],0,false,100,100,0,[],0,false,100
257635,148,30,0,[],0,true,25,28,1,[InputImage/121651_eye (41st copy).jp],3750,true,0,100,0,[],0,false,100,100,0,[],0,false,100
258636,147,30,1,[InputImage/121651_eye(copy) (12th copy).jp],3750,true,25,28,1,[InputImage/121651_eye (41st copy).jp],3750,true,0,100,0,[],0,false,100,100,0,[],0,false,100
259637,147,30,0,[],0,true,0,28,0,[],0,true,0,100,0,[],0,false,100,100,0,[],0,false,100
260637,146,30,0,[],0,true,0,28,1,[InputImage/121651_eye(copy) (65th copy).jp],3750,true,0,100,0,[],0,false,100,100,0,[],0,false,100
261638,145,30,0,[],0,true,0,28,0,[],0,true,0,100,0,[],0,false,100,100,0,[],0,false,100
262638,144,30,0,[],0,true,0,28,1,[InputImage/121651_eye (11th copy).jp],3750,true,0,100,0,[],0,false,100,100,0,[],0,false,100
263640,143,30,1,[InputImage/121651_eye (109th copy).jp],3750,true,0,28,0,[],0,true,0,100,0,[],0,false,100,100,0,[],0,false,100
264640,142,30,0,[],0,true,0,30,1,[InputImage/121651_eye (76th copy).jp],3750,true,0,100,0,[],0,false,100,100,0,[],0,false,100
265640,141,30,1,[InputImage/121651_eye (32nd copy).jp],3750,true,0,30,1,[InputImage/121651_eye (76th copy).jp],3750,true,0,100,0,[],0,false,100,100,0,[],0,false,100
266641,141,30,0,[],0,true,25,30,0,[],0,true,0,100,0,[],0,false,100,100,0,[],0,false,100
267641,140,30,0,[],0,true,25,30,1,[InputImage/121651_eye (92nd copy).jp],3750,true,25,100,0,[],0,false,100,100,0,[],0,false,100
268643,139,30,1,[InputImage/121651_eye (36th copy).jp],3750,true,0,30,0,[],0,true,25,100,0,[],0,false,100,100,0,[],0,false,100
269643,138,30,0,[],0,true,0,30,1,[InputImage/121651_eye(copy) (23rd copy).jp],3750,true,0,100,0,[],0,true,100,100,0,[],0,false,100
270644,136,30,1,[InputImage/121651_eye (99th copy).jp],3750,true,0,30,1,[InputImage/121651_eye(copy) (23rd copy).jp],3750,true,0,100,1,[InputImage/121651_eye(copy) (3rd copy).jp],3750,true,100,100,0,[],0,false,100
271644,136,30,0,[],0,true,0,28,0,[],0,true,0,25,1,[InputImage/121651_eye(copy) (3rd copy).jp],3750,true,0,100,0,[],0,false,100
272645,136,30,0,[],0,true,0,28,0,[],0,true,0,25,1,[InputImage/121651_eye(copy) (3rd copy).jp],3750,true,0,100,0,[],0,false,100
273647,136,30,0,[],0,true,0,28,0,[],0,true,0,26,0,[],0,true,25,100,0,[],0,false,100
274647,136,30,0,[],0,true,0,28,0,[],0,true,0,26,0,[],0,true,25,100,0,[],0,false,100
275647,136,30,0,[],0,true,0,28,0,[],0,true,0,26,0,[],0,true,25,100,0,[],0,false,100
276648,136,30,0,[],0,true,0,28,0,[],0,true,0,27,0,[],0,true,0,100,0,[],0,false,100
277648,136,30,0,[],0,true,0,28,0,[],0,true,0,27,0,[],0,true,0,100,0,[],0,false,100
278649,136,30,0,[],0,true,0,28,0,[],0,true,0,27,0,[],0,true,0,100,0,[],0,false,100
279650,136,30,0,[],0,true,0,28,0,[],0,true,0,27,0,[],0,true,0,100,0,[],0,false,100
280650,136,30,0,[],0,true,25,28,0,[],0,true,0,27,0,[],0,true,25,100,0,[],0,false,100
281650,136,30,0,[],0,true,25,28,0,[],0,true,0,27,0,[],0,true,25,100,0,[],0,false,100
282651,136,30,0,[],0,true,50,28,0,[],0,true,0,27,0,[],0,true,25,100,0,[],0,false,100
283652,136,30,0,[],0,true,50,28,0,[],0,true,0,27,0,[],0,true,25,100,0,[],0,false,100
284652,136,30,0,[],0,true,50,28,0,[],0,true,0,27,0,[],0,true,25,100,0,[],0,false,100
285653,136,30,0,[],0,true,0,28,0,[],0,true,0,27,0,[],0,true,0,100,0,[],0,false,100
286653,136,30,0,[],0,true,0,28,0,[],0,true,0,27,0,[],0,true,0,100,0,[],0,false,100
287653,136,30,0,[],0,true,0,28,0,[],0,true,0,27,0,[],0,true,25,100,0,[],0,false,100
288654,136,30,0,[],0,true,0,28,0,[],0,true,0,27,0,[],0,true,25,100,0,[],0,false,100
289655,136,30,0,[],0,true,0,28,0,[],0,true,0,27,0,[],0,true,25,100,0,[],0,false,100
290655,136,30,0,[],0,true,0,28,0,[],0,true,0,27,0,[],0,true,0,100,0,[],0,false,100
291655,136,30,0,[],0,true,0,28,0,[],0,true,0,27,0,[],0,true,0,100,0,[],0,false,100
292656,136,30,0,[],0,true,0,28,0,[],0,true,0,27,0,[],0,true,0,100,0,[],0,false,100
293657,136,30,0,[],0,true,0,28,0,[],0,true,0,27,0,[],0,true,0,100,0,[],0,false,100
294657,136,30,0,[],0,true,0,28,0,[],0,true,0,27,0,[],0,true,0,100,0,[],0,false,100
295657,136,30,0,[],0,true,0,28,0,[],0,true,0,27,0,[],0,true,0,100,0,[],0,false,100
296658,136,30,0,[],0,true,25,28,0,[],0,true,0,27,0,[],0,true,0,100,0,[],0,false,100
297658,136,30,0,[],0,true,25,28,0,[],0,true,0,27,0,[],0,true,0,100,0,[],0,false,100
298659,136,30,0,[],0,true,25,28,0,[],0,true,0,27,0,[],0,true,0,100,0,[],0,false,100
299660,136,30,0,[],0,true,0,28,0,[],0,true,0,27,0,[],0,true,0,100,0,[],0,false,100
300660,136,30,0,[],0,true,0,28,0,[],0,true,0,27,0,[],0,true,0,100,0,[],0,false,100
301660,136,30,0,[],0,true,0,28,0,[],0,true,0,27,0,[],0,true,0,100,0,[],0,false,100
302660,136,30,0,[],0,true,0,28,0,[],0,true,25,27,0,[],0,true,0,100,0,[],0,false,100
303662,136,30,0,[],0,true,0,28,0,[],0,true,25,27,0,[],0,true,0,100,0,[],0,false,100
304664,134,30,0,[],0,true,0,28,1,[InputImage/121651_eye(copy) (66th copy).jp],3750,true,25,27,0,[],0,true,0,100,0,[],0,false,100
305664,132,30,1,[InputImage/121651_eye (57th copy).jp],3750,true,0,28,0,[],0,true,25,27,1,[InputImage/121651_eye (103rd copy).jp],3750,true,0,100,0,[],0,false,100
306664,131,30,0,[],0,true,0,28,1,[InputImage/121651_eye(copy) (18th copy).jp],3750,true,25,27,1,[InputImage/121651_eye (103rd copy).jp],3750,true,0,100,0,[],0,false,100
307666,130,30,1,[InputImage/121651_eye(copy) (24th copy).jp],3750,true,0,28,0,[],0,true,25,27,0,[],0,true,0,100,0,[],0,false,100
308666,129,30,0,[],0,true,0,28,0,[],0,true,25,28,1,[InputImage/121651_eye(copy) (13th copy).jp],3750,true,25,100,0,[],0,false,100
309667,127,30,1,[InputImage/121651_eye(copy) (16th copy).jp],3750,true,0,28,1,[InputImage/121651_eye(copy) (28th copy).jp],3750,true,0,28,0,[],0,true,25,100,0,[],0,false,100
310667,126,30,1,[InputImage/121651_eye(copy) (16th copy).jp],3750,true,0,28,0,[],0,true,0,28,1,[InputImage/121651_eye(copy) (37th copy).jp],3750,true,25,100,0,[],0,false,100
311668,125,30,0,[],0,true,0,28,1,[InputImage/121651_eye(copy) (38th copy).jp],3750,true,25,28,0,[],0,true,0,100,0,[],0,false,100
312671,123,30,1,[InputImage/121651_eye (50th copy).jp],3750,true,0,28,0,[],0,true,25,28,1,[InputImage/121651_eye (88th copy).jp],3750,true,0,100,0,[],0,false,100
313671,122,30,0,[],0,true,0,28,1,[InputImage/121651_eye (30th copy).jp],3750,true,25,28,1,[InputImage/121651_eye (88th copy).jp],3750,true,0,100,0,[],0,false,100
314672,121,30,1,[InputImage/121651_eye(copy) (74th copy).jp],3750,true,0,28,1,[InputImage/121651_eye (30th copy).jp],3750,true,0,28,0,[],0,true,0,100,0,[],0,false,100
315672,120,30,0,[],0,true,25,28,0,[],0,true,0,27,1,[InputImage/121651_eye(copy) (31st copy).jp],3750,true,0,100,0,[],0,false,100
316673,118,30,1,[InputImage/121651_eye(copy) (32nd copy).jp],3750,true,25,28,1,[InputImage/121651_eye (5th copy).jp],3750,true,25,27,0,[],0,true,0,100,0,[],0,false,100
317674,117,30,1,[InputImage/121651_eye(copy) (32nd copy).jp],3750,true,25,28,0,[],0,true,25,27,1,[InputImage/121651_eye(copy) (41st copy).jp],3750,true,0,100,0,[],0,false,100
318675,116,30,0,[],0,true,25,28,1,[InputImage/121651_eye (35th copy).jp],3750,true,0,28,0,[],0,true,0,100,0,[],0,false,100
319676,114,30,1,[InputImage/121651_eye(copy) (34th copy).jp],3750,true,25,28,0,[],0,true,0,28,1,[InputImage/121651_eye(copy) (45th copy).jp],3750,true,0,100,0,[],0,false,100
320676,113,30,0,[],0,true,25,28,1,[InputImage/121651_eye (66th copy).jp],3750,true,0,28,1,[InputImage/121651_eye(copy) (45th copy).jp],3750,true,25,100,0,[],0,false,100
321677,112,30,1,[InputImage/121651_eye(copy) (55th copy).jp],3750,true,25,30,1,[InputImage/121651_eye (66th copy).jp],3750,true,25,28,0,[],0,true,25,100,0,[],0,false,100
322678,111,30,1,[InputImage/121651_eye(copy) (55th copy).jp],3750,true,50,30,0,[],0,true,25,28,1,[InputImage/121651_eye(copy) (43rd copy).jp],3750,true,0,100,0,[],0,false,100
323679,110,30,0,[],0,true,50,30,1,[InputImage/121651_eye(copy) (19th copy).jp],3750,true,0,28,0,[],0,true,0,100,0,[],0,false,100
324679,108,30,1,[InputImage/121651_eye (20th copy).jp],3750,true,50,30,0,[],0,true,0,28,1,[InputImage/121651_eye(copy) (33rd copy).jp],3750,true,0,100,0,[],0,false,100
325680,107,30,0,[],0,true,0,30,1,[InputImage/121651_eye (84th copy).jp],3750,true,0,28,1,[InputImage/121651_eye(copy) (33rd copy).jp],3750,true,0,100,0,[],0,false,100
326681,106,30,1,[InputImage/121651_eye(copy) (60th copy).jp],3750,true,0,30,0,[],0,true,0,28,0,[],0,true,0,100,0,[],0,false,100
327682,104,30,0,[],0,true,25,30,1,[InputImage/121651_eye (115th copy).jp],3750,true,0,28,1,[InputImage/121651_eye(copy) (57th copy).jp],3750,true,0,100,0,[],0,false,100
328682,103,30,1,[InputImage/121651_eye (33rd copy).jp],3750,true,25,30,1,[InputImage/121651_eye (115th copy).jp],3750,true,25,28,0,[],0,true,0,100,0,[],0,false,100
329683,102,30,1,[InputImage/121651_eye (33rd copy).jp],3750,true,0,30,0,[],0,true,25,28,1,[InputImage/121651_eye(copy) (56th copy).jp],3750,true,0,100,0,[],0,false,100
330684,101,30,0,[],0,true,0,28,1,[InputImage/121651_eye (73rd copy).jp],3750,true,25,28,0,[],0,true,0,100,0,[],0,false,100
331684,99,30,1,[InputImage/121651_eye (27th copy).jp],3750,true,0,28,0,[],0,true,25,28,1,[InputImage/121651_eye (105th copy).jp],3750,true,0,100,0,[],0,false,100
332686,98,30,0,[],0,true,25,28,1,[InputImage/121651_eye (13th copy).jp],3750,true,25,28,1,[InputImage/121651_eye (105th copy).jp],3750,true,25,100,0,[],0,false,100
333686,97,30,1,[InputImage/121651_eye (111th copy).jp],3750,true,25,28,0,[],0,true,25,28,0,[],0,true,25,100,0,[],0,false,100
334687,95,30,0,[],0,true,0,28,1,[InputImage/121651_eye (12th copy).jp],3750,true,25,28,1,[InputImage/121651_eye (114th copy).jp],3750,true,0,100,0,[],0,false,100
335687,94,30,1,[InputImage/121651_eye (123rd copy).jp],3750,true,0,28,1,[InputImage/121651_eye (12th copy).jp],3750,true,0,28,0,[],0,true,0,100,0,[],0,false,100
336688,93,30,1,[InputImage/121651_eye (123rd copy).jp],3750,true,25,28,0,[],0,true,0,28,1,[InputImage/121651_eye(copy) (52nd copy).jp],3750,true,0,100,0,[],0,false,100
337689,92,30,0,[],0,true,25,30,1,[InputImage/121651_eye (82nd copy).jp],3750,true,0,28,1,[InputImage/121651_eye(copy) (52nd copy).jp],3750,true,0,100,0,[],0,false,100
338690,91,30,1,[InputImage/121651_eye (28th copy).jp],3750,true,25,30,0,[],0,true,0,28,0,[],0,true,0,100,0,[],0,false,100
339691,89,30,0,[],0,true,0,30,1,[InputImage/121651_eye (70th copy).jp],3750,true,0,28,1,[InputImage/121651_eye (95th copy).jp],3750,true,25,100,0,[],0,false,100
340691,88,30,1,[InputImage/121651_eye (29th copy).jp],3750,true,0,28,0,[],0,true,25,28,0,[],0,true,25,100,0,[],0,false,100
341692,87,30,1,[InputImage/121651_eye (29th copy).jp],3750,true,0,28,0,[],0,true,25,28,1,[InputImage/121651_eye (79th copy).jp],3750,true,0,100,0,[],0,false,100
342693,86,30,0,[],0,true,0,28,1,[InputImage/121651_eye (18th copy).jp],3750,true,25,28,0,[],0,true,0,100,0,[],0,false,100
343694,85,30,0,[],0,true,0,28,0,[],0,true,25,28,1,[InputImage/121651_eye(copy) (71st copy).jp],3750,true,0,100,0,[],0,false,100
344694,83,30,1,[InputImage/121651_eye(copy) (30th copy).jp],3750,true,0,30,1,[InputImage/121651_eye (4th copy).jp],3750,true,0,28,1,[InputImage/121651_eye(copy) (71st copy).jp],3750,true,25,100,0,[],0,false,100
345695,83,30,0,[],0,true,0,30,0,[],0,true,0,28,0,[],0,true,25,100,0,[],0,true,100
346695,82,30,0,[],0,true,0,30,0,[],0,true,0,28,0,[],0,true,0,100,1,[InputImage/121651_eye(copy) (67th copy).jp],3750,true,100
347697,79,30,1,[InputImage/121651_eye(copy) (35th copy).jp],3750,true,0,28,0,[],0,true,0,28,0,[],0,true,0,25,1,[InputImage/121651_eye(copy) (67th copy).jp],3750,true,0
348698,78,30,0,[],0,true,0,28,0,[],0,true,0,28,1,[InputImage/121651_eye (15th copy).jp],3750,true,25,25,1,[InputImage/121651_eye(copy) (67th copy).jp],3750,true,0
349698,76,30,1,[InputImage/121651_eye (43rd copy).jp],3750,true,0,28,1,[InputImage/121651_eye(copy) (68th copy).jp],3750,true,0,28,0,[],0,true,25,25,1,[InputImage/121651_eye(copy) (67th copy).jp],3750,true,0
350699,75,30,1,[InputImage/121651_eye (43rd copy).jp],3750,true,0,28,0,[],0,true,0,28,1,[InputImage/121651_eye(copy) (10th copy).jp],3750,true,25,26,0,[],0,true,0
351699,74,30,0,[],0,true,0,28,0,[],0,true,0,28,1,[InputImage/121651_eye(copy) (10th copy).jp],3750,true,25,26,1,[InputImage/121651_eye (16th copy).jp],3750,true,0
352701,72,30,1,[InputImage/121651_eye(copy) (48th copy).jp],3750,true,0,28,0,[],0,true,0,28,0,[],0,true,25,27,0,[],0,true,25
353702,70,30,0,[],0,true,0,28,0,[],0,true,0,28,1,[InputImage/121651_eye(copy) (54th copy).jp],3750,true,0,27,1,[InputImage/121651_eye (122nd copy).jp],3750,true,25
354702,69,30,0,[],0,true,0,30,1,[InputImage/121651_eye (72nd copy).jp],3750,true,0,28,0,[],0,true,0,27,1,[InputImage/121651_eye (122nd copy).jp],3750,true,25
355703,67,30,1,[InputImage/121651_eye (127th copy).jp],3750,true,0,30,1,[InputImage/121651_eye (72nd copy).jp],3750,true,0,28,1,[InputImage/121651_eye (31st copy).jp],3750,true,0,27,0,[],0,true,25
356704,66,30,0,[],0,true,0,30,0,[],0,true,0,28,0,[],0,true,0,27,1,[InputImage/121651_eye (56th copy).jp],3750,true,25
357705,65,31,0,[],0,true,25,30,0,[],0,true,0,28,1,[InputImage/121651_eye (61st copy).jp],3750,true,0,27,0,[],0,true,50
358706,63,31,0,[],0,true,25,30,1,[InputImage/121651_eye (42nd copy).jp],3750,true,0,28,1,[InputImage/121651_eye (61st copy).jp],3750,true,50,27,1,[InputImage/121651_eye(copy) (61st copy).jp],3750,true,50
359706,62,31,1,[InputImage/121651_eye (126th copy).jp],3750,true,25,30,0,[],0,true,0,28,0,[],0,true,50,28,0,[],0,true,0
360707,61,30,0,[],0,true,0,30,0,[],0,true,0,28,0,[],0,true,50,28,1,[InputImage/121651_eye (112th copy).jp],3750,true,0
361708,59,30,0,[],0,true,0,30,1,[InputImage/121651_eye(copy) (25th copy).jp],3750,true,25,28,0,[],0,true,50,28,1,[InputImage/121651_eye (112th copy).jp],3750,true,0
362710,57,30,1,[InputImage/121651_eye (120th copy).jp],3750,true,0,30,0,[],0,true,25,28,1,[InputImage/121651_eye (7th copy).jp],3750,true,25,28,0,[],0,true,0
363710,56,30,0,[],0,true,0,30,0,[],0,true,0,28,1,[InputImage/121651_eye (7th copy).jp],3750,true,25,28,1,[InputImage/121651_eye (59th copy).jp],3750,true,0
364711,54,30,1,[InputImage/121651_eye (110th copy).jp],3750,true,0,30,1,[InputImage/121651_eye (97th copy).jp],3750,true,0,28,0,[],0,true,25,27,0,[],0,true,0
365711,52,30,1,[InputImage/121651_eye (110th copy).jp],3750,true,0,30,0,[],0,true,25,28,1,[InputImage/121651_eye (75th copy).jp],3750,true,0,27,1,[InputImage/121651_eye(copy) (76th copy).jp],3750,true,0
366712,51,30,0,[],0,true,0,30,1,[InputImage/121651_eye(copy) (51st copy).jp],3750,true,25,28,0,[],0,true,0,28,1,[InputImage/121651_eye(copy) (76th copy).jp],3750,true,50
367713,49,30,1,[InputImage/121651_eye (69th copy).jp],3750,true,0,30,0,[],0,true,25,28,1,[InputImage/121651_eye(copy) (11th copy).jp],3750,true,0,28,0,[],0,true,50
368714,48,30,1,[InputImage/121651_eye (69th copy).jp],3750,true,0,30,0,[],0,true,0,28,0,[],0,true,0,28,1,[InputImage/121651_eye (47th copy).jp],3750,true,0
369715,46,30,0,[],0,true,25,30,1,[InputImage/121651_eye (80th copy).jp],3750,true,0,28,1,[InputImage/121651_eye(copy) (47th copy).jp],3750,true,25,28,0,[],0,true,0
370715,44,30,1,[InputImage/121651_eye(copy) (69th copy).jp],3750,true,25,30,0,[],0,true,0,28,1,[InputImage/121651_eye(copy) (47th copy).jp],3750,true,25,28,1,[InputImage/121651_eye(copy) (22nd copy).jp],3750,true,0
371716,43,30,0,[],0,true,25,30,1,[InputImage/121651_eye (40th copy).jp],3750,true,0,28,0,[],0,true,25,28,1,[InputImage/121651_eye(copy) (22nd copy).jp],3750,true,0
372717,42,31,0,[],0,true,0,30,1,[InputImage/121651_eye (40th copy).jp],3750,true,0,28,1,[InputImage/121651_eye (6th copy).jp],3750,true,0,28,0,[],0,true,0
373718,40,31,1,[InputImage/121651_eye (101st copy).jp],3750,true,0,30,0,[],0,true,0,28,0,[],0,true,0,27,1,[InputImage/121651_eye (86th copy).jp],3750,true,0
374719,37,31,1,[InputImage/121651_eye (19th copy).jp],3750,true,0,30,1,[InputImage/121651_eye(copy) (49th copy).jp],3750,true,0,28,1,[InputImage/121651_eye(copy) (46th copy).jp],3750,true,25,27,0,[],0,true,0
375719,36,31,1,[InputImage/121651_eye (19th copy).jp],3750,true,0,30,0,[],0,true,0,28,1,[InputImage/121651_eye(copy) (46th copy).jp],3750,true,25,28,1,[InputImage/121651_eye (108th copy).jp],3750,true,0
376720,35,31,0,[],0,true,0,30,1,[InputImage/121651_eye (53rd copy).jp],3750,true,0,28,0,[],0,true,25,28,0,[],0,true,0
377720,34,31,0,[],0,true,0,30,1,[InputImage/121651_eye (53rd copy).jp],3750,true,0,28,0,[],0,true,0,28,1,[InputImage/121651_eye(copy) (44th copy).jp],3750,true,0
378723,32,31,0,[],0,true,0,30,0,[],0,true,0,28,0,[],0,true,0,28,1,[InputImage/121651_eye(copy) (44th copy).jp],3750,true,25
379723,30,30,1,[InputImage/121651_eye (87th copy).jp],3750,true,0,30,0,[],0,true,0,28,1,[InputImage/121651_eye(copy) (59th copy).jp],3750,true,0,28,0,[],0,true,25
380724,28,30,1,[InputImage/121651_eye (87th copy).jp],3750,true,0,30,1,[InputImage/121651_eye(copy) (53rd copy).jp],3750,true,0,28,0,[],0,true,0,27,1,[InputImage/121651_eye (45th copy).jp],3750,true,0
381725,27,30,0,[],0,true,0,30,0,[],0,true,0,28,1,[InputImage/121651_eye (116th copy).jp],3750,true,0,27,0,[],0,true,0
382725,26,30,0,[],0,true,0,30,0,[],0,true,0,28,1,[InputImage/121651_eye (116th copy).jp],3750,true,0,27,1,[InputImage/121651_eye(copy) (36th copy).jp],3750,true,0
383727,24,30,1,[InputImage/121651_eye(copy) (64th copy).jp],3750,true,0,30,0,[],0,true,0,28,0,[],0,true,0,28,1,[InputImage/121651_eye(copy) (36th copy).jp],3750,true,0
384729,22,30,0,[],0,true,0,30,1,[InputImage/121651_eye (94th copy).jp],3750,true,25,28,1,[InputImage/121651_eye (9th copy).jp],3750,true,0,28,0,[],0,true,0
385730,21,30,0,[],0,true,0,30,1,[InputImage/121651_eye (94th copy).jp],3750,true,25,28,0,[],0,true,0,28,1,[InputImage/121651_eye(copy) (50th copy).jp],3750,true,0
386731,19,31,1,[InputImage/121651_eye (60th copy).jp],3750,true,0,30,0,[],0,true,0,28,1,[InputImage/121651_eye (81st copy).jp],3750,true,0,28,0,[],0,true,0
387732,17,31,0,[],0,true,0,30,1,[InputImage/121651_eye(copy) (20th copy).jp],3750,true,0,28,0,[],0,true,0,28,1,[InputImage/121651_eye (14th copy).jp],3750,true,0
388733,16,31,0,[],0,true,0,30,0,[],0,true,0,28,1,[InputImage/121651_eye(copy) (42nd copy).jp],3750,true,25,28,0,[],0,true,0
389733,14,31,0,[],0,true,0,31,1,[InputImage/121651_eye(copy) (14th copy).jp],3750,true,0,28,1,[InputImage/121651_eye(copy) (42nd copy).jp],3750,true,25,28,1,[InputImage/121651_eye(copy) (21st copy).jp],3750,true,0
390734,13,31,1,[InputImage/121651_eye (91st copy).jp],3750,true,0,31,0,[],0,true,0,28,0,[],0,true,25,28,1,[InputImage/121651_eye(copy) (21st copy).jp],3750,true,0
391735,12,31,0,[],0,true,0,31,0,[],0,true,25,28,1,[InputImage/121651_eye (90th copy).jp],3750,true,25,28,0,[],0,true,0
392736,10,31,0,[],0,true,0,31,1,[InputImage/121651_eye (54th copy).jp],3750,true,25,28,0,[],0,true,25,28,1,[InputImage/121651_eye(copy) (15th copy).jp],3750,true,0
393737,8,31,0,[],0,true,0,31,0,[],0,true,0,28,1,[InputImage/121651_eye (23rd copy).jp],3750,true,0,28,0,[],0,true,0
394737,6,31,1,[InputImage/121651_eye(copy) (72nd copy).jp],3750,true,0,31,0,[],0,true,0,28,1,[InputImage/121651_eye (23rd copy).jp],3750,true,0,28,1,[InputImage/121651_eye (39th copy).jp],3750,true,25
395738,5,31,1,[InputImage/121651_eye(copy) (72nd copy).jp],3750,true,25,31,0,[],0,true,0,28,0,[],0,true,0,28,0,[],0,true,25
396739,4,31,0,[],0,true,25,30,0,[],0,true,0,28,0,[],0,true,0,28,1,[InputImage/121651_eye (102nd copy).jp],3750,true,25
397740,1,31,1,[InputImage/121651_eye (17th copy).jp],3750,true,0,30,0,[],0,true,0,28,0,[],0,true,0,28,1,[InputImage/121651_eye (102nd copy).jp],3750,true,0
398741,0,31,0,[],0,true,0,30,0,[],0,true,0,28,1,[InputImage/121651_eye(copy) (5th copy).jp],3750,true,0,28,0,[],0,true,0
399742,0,31,0,[],0,true,0,30,0,[],0,true,0,28,0,[],0,true,0,28,0,[],0,true,0
400742,0,31,0,[],0,true,25,30,0,[],0,true,0,28,0,[],0,true,0,28,0,[],0,true,0
